{"cameraMode":{"drawMode":0,"name":"Shaded","section":"Shading Mode"},"sceneLighting":true,"audioPlay":false,"sceneViewState":{"m_AlwaysRefresh":false,"showFog":true,"showSkybox":true,"showFlares":true,"showImageEffects":true,"showParticleSystems":true,"showVisualEffectGraphs":true,"m_FxEnabled":true},"in2DMode":false,"pivot":{"x":-0.6959495544433594,"y":14.076810836791993,"z":13.687744140625},"rotation":{"x":0.3481481075286865,"y":-0.03233673423528671,"z":0.012018866837024689,"w":0.9368217587471008},"size":13.168841361999512,"orthographic":false}